name,n_atoms,n_qubits_full,n_qubits_active,n_active_electrons,e_hf,e_fci_full,e_casci_active,e_vqe_standard,casci_err_mha,vqe_err_mha,casci_at_chemical_accuracy,vqe_at_chemical_accuracy,vqe_n_function_evals,vqe_n_gradient_calls,vqe_walltime_seconds,vqe_init_strategy,vqe_cache_hit,notes,error
H2,2,4,4,2,-1.1167593073964255,-1.137283834488502,-1.1372838344885015,-1.1372838343020182,4.440892098500626e-13,1.864837173570777e-07,True,True,7,7,0.1689891815185547,random,False,4 qubits; baseline.,
HeH+,2,4,4,2,-2.854336692321871,-2.8626779665698354,-2.862677966569837,-2.8626779563146,-1.7763568394002505e-12,1.0255235327605305e-05,True,True,7,7,0.20969676971435547,random,False,4 qubits; charged. Tests M1 D1 IonicHamiltonian fix.,
LiH,2,12,10,2,-7.861864769808654,-7.882324378883502,-7.882096599921144,-7.8820958852551115,0.22777896235837147,0.22849362839050258,True,True,10,10,4.443997144699097,random,False,"Freeze Li 1s. (2e, 5o) active.",
BeH2,3,14,12,4,-15.559405412277231,-15.594860884905577,-15.594521045527738,-15.594140549573957,0.3398393778386577,0.720335331619637,True,True,11,11,36.54674291610718,random,False,"Freeze Be 1s. (4e, 6o); 92 params, max_iter bumped",
H2O,3,14,12,8,-74.96309236183784,-75.01270343842678,-75.01262540010507,-75.01250699652657,0.0780383217175995,0.19644190021494978,True,True,9,9,27.994818687438965,random,False,Freeze O 1s. The closed-shell chemistry benchmark.,
HF,2,12,10,8,-98.57110044414941,-98.59717355927437,-98.59715284720815,-98.59712012345861,0.020712066216788116,0.053435815758007266,True,True,8,8,3.853841543197632,random,False,Freeze F 1s. Ionic; end-to-end test of M1 D1.,
NH3,4,16,14,8,-55.454087134849075,-55.519219000877214,-55.51903183687726,-55.51883131541782,0.1871639999535546,0.3876854593940493,True,True,8,8,168.11755514144897,random,False,"Freeze N 1s. C₃ᵥ symmetry; ~200 params, may need extra iters.",
CH4,5,18,16,8,-39.72680917154479,-39.80568529406147,-39.80526683190245,-39.80506836297157,0.4184621590184179,0.6169310899011293,True,True,8,8,1188.6408832073212,random,False,"Freeze C 1s. Tᵈ symmetry; ~360 params, hardest Tier-1 case.",
